wardname,wardcode,local authority name,Population
City of London (aggregated),E09000001,City of London,8579
Abbey,E05014053,Barking and Dagenham,3965
Alibon,E05014054,Barking and Dagenham,9890
Barking Riverside,E05014055,Barking and Dagenham,10060
Beam,E05014056,Barking and Dagenham,8355
Becontree,E05014057,Barking and Dagenham,9790
Chadwell Heath,E05014058,Barking and Dagenham,13827
Eastbrook & Rush Green,E05014059,Barking and Dagenham,8745
Eastbury,E05014060,Barking and Dagenham,15729
Gascoigne,E05014061,Barking and Dagenham,10714
Goresbrook,E05014062,Barking and Dagenham,13693
Heath,E05014063,Barking and Dagenham,9119
Longbridge,E05014064,Barking and Dagenham,13294
Mayesbrook,E05014065,Barking and Dagenham,15619
Northbury,E05014066,Barking and Dagenham,13187
Parsloes,E05014067,Barking and Dagenham,15165
Thames View,E05014068,Barking and Dagenham,5649
Valence,E05014069,Barking and Dagenham,15242
Village,E05014070,Barking and Dagenham,12648
Whalebone,E05014071,Barking and Dagenham,14198
Barnet Vale,E05013628,Barnet,17071
Brunswick Park,E05013629,Barnet,16141
Burnt Oak,E05013630,Barnet,21575
Childs Hill,E05013631,Barnet,19392
Colindale North,E05013632,Barnet,12727
Colindale South,E05013633,Barnet,19001
Cricklewood,E05013634,Barnet,10413
East Barnet,E05013635,Barnet,18099
East Finchley,E05013636,Barnet,16324
Edgware,E05013637,Barnet,19770
Edgwarebury,E05013638,Barnet,12344
Finchley Church End,E05013639,Barnet,18835
Friern Barnet,E05013640,Barnet,19063
Garden Suburb,E05013641,Barnet,12679
Golders Green,E05013642,Barnet,15142
Hendon,E05013643,Barnet,21977
High Barnet,E05013644,Barnet,12007
Mill Hill,E05013645,Barnet,17825
Totteridge & Woodside,E05013646,Barnet,14904
Underhill,E05013647,Barnet,12297
West Finchley,E05013648,Barnet,19406
West Hendon,E05013649,Barnet,17255
Whetstone,E05013650,Barnet,10889
Woodhouse,E05013651,Barnet,14165
Barnehurst,E05011217,Bexley,11717
Belvedere,E05011218,Bexley,17561
Bexleyheath,E05011219,Bexley,15908
Blackfen & Lamorbey,E05011220,Bexley,16126
Blendon & Penhill,E05011221,Bexley,15573
Crayford,E05011222,Bexley,15945
Crook Log,E05011223,Bexley,15888
East Wickham,E05011224,Bexley,16194
Erith,E05011225,Bexley,12827
Falconwood & Welling,E05011226,Bexley,16593
Longlands,E05011227,Bexley,10032
Northumberland Heath,E05011228,Bexley,11054
St Mary's & St James,E05011229,Bexley,10851
Sidcup,E05011230,Bexley,15725
Slade Green & Northend,E05011231,Bexley,12879
Thamesmead East,E05011232,Bexley,15917
West Heath,E05011233,Bexley,15677
Alperton,E05013496,Brent,15010
Barnhill,E05013497,Brent,11414
Brondesbury Park,E05013498,Brent,13602
Cricklewood & Mapesbury,E05013499,Brent,13958
Dollis Hill,E05013500,Brent,21644
Harlesden & Kensal Green,E05013501,Brent,20101
Kenton,E05013502,Brent,17715
Kilburn,E05013503,Brent,17207
Kingsbury,E05013504,Brent,11434
Northwick Park,E05013505,Brent,12122
Preston,E05013506,Brent,12451
Queens Park,E05013507,Brent,17104
Queensbury,E05013508,Brent,16864
Roundwood,E05013509,Brent,16655
Stonebridge,E05013510,Brent,20209
Sudbury,E05013511,Brent,13796
Tokyngton,E05013512,Brent,9917
Welsh Harp,E05013513,Brent,18236
Wembley Central,E05013514,Brent,18013
Wembley Hill,E05013515,Brent,15542
Wembley Park,E05013516,Brent,7636
Willesden Green,E05013517,Brent,19185
Beckenham Town & Copers Cope,E05013987,Bromley,16055
Bickley & Sundridge,E05013988,Bromley,17815
Biggin Hill,E05013989,Bromley,10919
Bromley Common & Holwood,E05013990,Bromley,18958
Bromley Town,E05013991,Bromley,15826
Chelsfield,E05013992,Bromley,11520
Chislehurst,E05013993,Bromley,15542
Clock House,E05013994,Bromley,17118
Crystal Palace & Anerley,E05013995,Bromley,12073
Darwin,E05013996,Bromley,5504
Farnborough & Crofton,E05013997,Bromley,17781
Hayes & Coney Hall,E05013998,Bromley,15770
Kelsey & Eden Park,E05013999,Bromley,15468
Mottingham,E05014000,Bromley,11512
Orpington,E05014001,Bromley,12269
Penge & Cator,E05014002,Bromley,19089
Petts Wood & Knoll,E05014003,Bromley,16860
Plaistow,E05014004,Bromley,12829
Shortlands & Park Langley,E05014005,Bromley,16680
St Mary Cray,E05014006,Bromley,18657
St Paul's Cray,E05014007,Bromley,16971
West Wickham,E05014008,Bromley,14768
Belsize,E05013652,Camden,12114
Bloomsbury,E05013653,Camden,11367
Camden Square,E05013654,Camden,7087
Camden Town,E05013655,Camden,6810
Fortune Green,E05013656,Camden,11570
Frognal,E05013657,Camden,7731
Gospel Oak,E05013658,Camden,11717
Hampstead Town,E05013659,Camden,8092
Haverstock,E05013660,Camden,11979
Highgate,E05013661,Camden,10230
Holborn & Covent Garden,E05013662,Camden,10324
Kentish Town North,E05013663,Camden,7300
Kentish Town South,E05013664,Camden,10305
Kilburn,E05013665,Camden,12010
King's Cross,E05013666,Camden,11452
Primrose Hill,E05013667,Camden,12441
Regent's Park,E05013668,Camden,11927
St Pancras & Somers Town,E05013669,Camden,12462
South Hampstead,E05013670,Camden,12035
West Hampstead,E05013671,Camden,11191
Addiscombe East,E05011462,Croydon,11793
Addiscombe West,E05011463,Croydon,15661
Bensham Manor,E05011464,Croydon,16932
Broad Green,E05011465,Croydon,20079
Coulsdon Town,E05011466,Croydon,15268
Crystal Palace & Upper Norwood,E05011467,Croydon,16286
Fairfield,E05011468,Croydon,15754
Kenley,E05011469,Croydon,10407
New Addington North,E05011470,Croydon,11143
New Addington South,E05011471,Croydon,11190
Norbury & Pollards Hill,E05011472,Croydon,12467
Norbury Park,E05011473,Croydon,10558
Old Coulsdon,E05011474,Croydon,9760
Park Hill & Whitgift,E05011475,Croydon,5763
Purley & Woodcote,E05011476,Croydon,16551
Purley Oaks & Riddlesdown,E05011477,Croydon,10516
Sanderstead,E05011478,Croydon,15503
Selhurst,E05011479,Croydon,12928
Selsdon & Addington Village,E05011480,Croydon,10317
Selsdon Vale & Forestdale,E05011481,Croydon,9702
Shirley North,E05011482,Croydon,15331
Shirley South,E05011483,Croydon,10785
South Croydon,E05011484,Croydon,17190
South Norwood,E05011485,Croydon,16519
Thornton Heath,E05011486,Croydon,17989
Waddon,E05011487,Croydon,18492
West Thornton,E05011488,Croydon,18768
Woodside,E05011489,Croydon,17064
Central Greenford,E05013518,Ealing,13963
Dormers Wells,E05013519,Ealing,15186
Ealing Broadway,E05013520,Ealing,14231
Ealing Common,E05013521,Ealing,15782
East Acton,E05013522,Ealing,16017
Greenford Broadway,E05013523,Ealing,17030
Hanger Hill,E05013524,Ealing,16818
Hanwell Broadway,E05013525,Ealing,15099
Lady Margaret,E05013526,Ealing,16133
North Acton,E05013527,Ealing,18371
North Greenford,E05013528,Ealing,16135
North Hanwell,E05013529,Ealing,15043
Northfield,E05013530,Ealing,14456
Northolt Mandeville,E05013531,Ealing,17361
Northolt West End,E05013532,Ealing,16530
Norwood Green,E05013533,Ealing,15455
Perivale,E05013534,Ealing,16214
Pitshanger,E05013535,Ealing,15166
South Acton,E05013536,Ealing,17107
Southall Broadway,E05013537,Ealing,10964
Southall Green,E05013538,Ealing,16331
Southall West,E05013539,Ealing,6805
Southfield,E05013540,Ealing,16239
Walpole,E05013541,Ealing,14656
Arnos Grove,E05013672,Enfield,8878
Bowes,E05013673,Enfield,10711
Brimsdown,E05013674,Enfield,16290
Bullsmoor,E05013675,Enfield,11374
Bush Hill Park,E05013676,Enfield,13007
Carterhatch,E05013677,Enfield,12808
Cockfosters,E05013678,Enfield,10155
Edmonton Green,E05013679,Enfield,17052
Enfield Lock,E05013680,Enfield,17870
Grange Park,E05013681,Enfield,8598
Haselbury,E05013682,Enfield,18314
Highfield,E05013683,Enfield,9547
Jubilee,E05013684,Enfield,16375
Lower Edmonton,E05013685,Enfield,16518
New Southgate,E05013686,Enfield,11119
Oakwood,E05013687,Enfield,8692
Palmers Green,E05013688,Enfield,10837
Ponders End,E05013689,Enfield,13499
Ridgeway,E05013690,Enfield,12787
Southbury,E05013691,Enfield,15339
Southgate,E05013692,Enfield,15215
Town,E05013693,Enfield,13330
Upper Edmonton,E05013694,Enfield,16830
Whitewebbs,E05013695,Enfield,14387
Winchmore Hill,E05013696,Enfield,10441
Abbey Wood,E05014072,Greenwich,17421
Blackheath Westcombe,E05014073,Greenwich,14965
Charlton Hornfair,E05014074,Greenwich,12551
Charlton Village & Riverside,E05014075,Greenwich,10299
East Greenwich,E05014076,Greenwich,14424
Eltham Page,E05014077,Greenwich,9947
Eltham Park & Progress,E05014078,Greenwich,10445
Eltham Town & Avery Hill,E05014079,Greenwich,15532
Greenwich Creekside,E05014080,Greenwich,11213
Greenwich Park,E05014081,Greenwich,10353
Greenwich Peninsula,E05014082,Greenwich,11481
Kidbrooke Park,E05014083,Greenwich,10153
Kidbrooke Village & Sutcliffe,E05014084,Greenwich,5941
Middle Park & Horn Park,E05014085,Greenwich,9749
"Mottingham, Coldharbour & New Eltham",E05014086,Greenwich,14512
Plumstead & Glyndon,E05014087,Greenwich,21781
Plumstead Common,E05014088,Greenwich,15622
Shooters Hill,E05014089,Greenwich,11878
Thamesmead Moorings,E05014090,Greenwich,12392
West Thamesmead,E05014091,Greenwich,11801
Woolwich Arsenal,E05014092,Greenwich,12221
Woolwich Common,E05014093,Greenwich,13069
Woolwich Dockyard,E05014094,Greenwich,11384
Brownswood,E05009367,Hackney,8988
Cazenove,E05009368,Hackney,15211
Clissold,E05009369,Hackney,12497
Dalston,E05009370,Hackney,9012
De Beauvoir,E05009371,Hackney,9025
Hackney Central,E05009372,Hackney,12892
Hackney Downs,E05009373,Hackney,12997
Hackney Wick,E05009374,Hackney,12357
Haggerston,E05009375,Hackney,14436
Homerton,E05009376,Hackney,13201
Hoxton East & Shoreditch,E05009377,Hackney,12089
Hoxton West,E05009378,Hackney,13803
King's Park,E05009379,Hackney,13283
Lea Bridge,E05009380,Hackney,14453
London Fields,E05009381,Hackney,12309
Shacklewell,E05009382,Hackney,8770
Springfield,E05009383,Hackney,15343
Stamford Hill West,E05009384,Hackney,10314
Stoke Newington,E05009385,Hackney,13573
Victoria,E05009386,Hackney,12232
Woodberry Down,E05009387,Hackney,12327
Addison,E05013733,Hammersmith and Fulham,7808
Avonmore,E05013734,Hammersmith and Fulham,7534
Brook Green,E05013735,Hammersmith and Fulham,8088
College Park & Old Oak,E05013736,Hammersmith and Fulham,9987
Coningham,E05013737,Hammersmith and Fulham,10815
Fulham Reach,E05013738,Hammersmith and Fulham,11586
Fulham Town,E05013739,Hammersmith and Fulham,7466
Grove,E05013740,Hammersmith and Fulham,7442
Hammersmith Broadway,E05013741,Hammersmith and Fulham,7641
Lillie,E05013742,Hammersmith and Fulham,6651
Munster,E05013743,Hammersmith and Fulham,12421
Palace & Hurlingham,E05013744,Hammersmith and Fulham,11498
Parsons Green & Sandford,E05013745,Hammersmith and Fulham,7912
Ravenscourt,E05013746,Hammersmith and Fulham,6978
Sands End,E05013747,Hammersmith and Fulham,10930
Shepherd's Bush Green,E05013748,Hammersmith and Fulham,5623
Walham Green,E05013749,Hammersmith and Fulham,7743
Wendell Park,E05013750,Hammersmith and Fulham,7439
West Kensington,E05013751,Hammersmith and Fulham,9494
White City,E05013752,Hammersmith and Fulham,10288
Wormholt,E05013753,Hammersmith and Fulham,7814
Alexandra Park,E05013585,Haringey,9065
Bounds Green,E05013586,Haringey,9747
Bruce Castle,E05013587,Haringey,14033
Crouch End,E05013588,Haringey,12982
Fortis Green,E05013589,Haringey,12884
Harringay,E05013590,Haringey,14422
Hermitage & Gardens,E05013591,Haringey,8947
Highgate,E05013592,Haringey,12480
Hornsey,E05013593,Haringey,14719
Muswell Hill,E05013594,Haringey,8840
Noel Park,E05013595,Haringey,13682
Northumberland Park,E05013596,Haringey,14838
St Ann's,E05013597,Haringey,10278
Seven Sisters,E05013598,Haringey,9408
South Tottenham,E05013599,Haringey,17124
Stroud Green,E05013600,Haringey,10921
Tottenham Central,E05013601,Haringey,14388
Tottenham Hale,E05013602,Haringey,11934
West Green,E05013603,Haringey,14708
White Hart Lane,E05013604,Haringey,13433
Woodside,E05013605,Haringey,15402
Belmont,E05013542,Harrow,9142
Canons,E05013543,Harrow,9127
Centenary,E05013544,Harrow,14546
Edgware,E05013545,Harrow,15986
Greenhill,E05013546,Harrow,11431
Harrow on the Hill,E05013547,Harrow,10802
Harrow Weald,E05013548,Harrow,14540
Hatch End,E05013549,Harrow,9588
Headstone,E05013550,Harrow,15071
Kenton East,E05013551,Harrow,14596
Kenton West,E05013552,Harrow,9583
Marlborough,E05013553,Harrow,11377
North Harrow,E05013554,Harrow,9234
Pinner,E05013555,Harrow,13263
Pinner South,E05013556,Harrow,15096
Rayners Lane,E05013557,Harrow,9620
Roxbourne,E05013558,Harrow,9820
Roxeth,E05013559,Harrow,15757
Stanmore,E05013560,Harrow,13680
Wealdstone North,E05013561,Harrow,10360
Wealdstone South,E05013562,Harrow,8084
West Harrow,E05013563,Harrow,10498
Beam Park,E05013967,Havering,5240
Cranham,E05013968,Havering,12965
Elm Park,E05013969,Havering,16434
Emerson Park,E05013970,Havering,9196
Gooshays,E05013971,Havering,17391
Hacton,E05013972,Havering,9088
Harold Wood,E05013973,Havering,13952
Havering-atte-Bower,E05013974,Havering,16289
Heaton,E05013975,Havering,17602
Hylands & Harrow Lodge,E05013976,Havering,14193
Marshalls & Rise Park,E05013977,Havering,13069
Mawneys,E05013978,Havering,14525
Rainham & Wennington,E05013979,Havering,13571
Rush Green & Crowlands,E05013980,Havering,15802
St Alban's,E05013981,Havering,8244
St Andrew's,E05013982,Havering,14256
St Edward's,E05013983,Havering,10656
South Hornchurch,E05013984,Havering,10533
Squirrels Heath,E05013985,Havering,15704
Upminster,E05013986,Havering,13341
Belmore,E05013564,Hillingdon,17369
Charville,E05013565,Hillingdon,11493
Colham & Cowley,E05013566,Hillingdon,19249
Eastcote,E05013567,Hillingdon,16672
Harefield Village,E05013568,Hillingdon,5751
Hayes Town,E05013569,Hillingdon,15292
Heathrow Villages,E05013570,Hillingdon,14033
Hillingdon East,E05013571,Hillingdon,15646
Hillingdon West,E05013572,Hillingdon,9871
Ickenham & South Harefield,E05013573,Hillingdon,15502
Northwood,E05013574,Hillingdon,11311
Northwood Hills,E05013575,Hillingdon,11860
Pinkwell,E05013576,Hillingdon,16853
Ruislip,E05013577,Hillingdon,15504
Ruislip Manor,E05013578,Hillingdon,10861
South Ruislip,E05013579,Hillingdon,17040
Uxbridge,E05013580,Hillingdon,18122
West Drayton,E05013581,Hillingdon,18431
Wood End,E05013582,Hillingdon,19373
Yeading,E05013583,Hillingdon,13546
Yiewsley,E05013584,Hillingdon,12113
Bedfont,E05013606,Hounslow,15352
Brentford East,E05013607,Hounslow,8610
Brentford West,E05013608,Hounslow,8553
Chiswick Gunnersbury,E05013609,Hounslow,12790
Chiswick Homefields,E05013610,Hounslow,13883
Chiswick Riverside,E05013611,Hounslow,9893
Cranford,E05013612,Hounslow,16028
Feltham North,E05013613,Hounslow,12798
Feltham West,E05013614,Hounslow,16231
Hanworth Park,E05013615,Hounslow,10047
Hanworth Village,E05013616,Hounslow,16522
Heston Central,E05013617,Hounslow,14538
Heston East,E05013618,Hounslow,11545
Heston West,E05013619,Hounslow,15338
Hounslow Central,E05013620,Hounslow,10624
Hounslow East,E05013621,Hounslow,8780
Hounslow Heath,E05013622,Hounslow,16069
Hounslow South,E05013623,Hounslow,13870
Hounslow West,E05013624,Hounslow,15919
Isleworth,E05013625,Hounslow,14055
Osterley & Spring Grove,E05013626,Hounslow,14592
Syon & Brentford Lock,E05013627,Hounslow,12157
Arsenal,E05013697,Islington,13162
Barnsbury,E05013698,Islington,11840
Bunhill,E05013699,Islington,11161
Caledonian,E05013700,Islington,11324
Canonbury,E05013701,Islington,12529
Clerkenwell,E05013702,Islington,10998
Finsbury Park,E05013703,Islington,14411
Highbury,E05013704,Islington,13943
Hillrise,E05013705,Islington,14809
Holloway,E05013706,Islington,12355
Junction,E05013707,Islington,12957
Laycock,E05013708,Islington,13200
Mildmay,E05013709,Islington,14176
St Mary's & St James',E05013710,Islington,11673
St Peter's & Canalside,E05013711,Islington,11676
Tollington,E05013712,Islington,13964
Tufnell Park,E05013713,Islington,12391
Abingdon,E05009388,Kensington and Chelsea,8165
Brompton & Hans Town,E05009389,Kensington and Chelsea,8125
Campden,E05009390,Kensington and Chelsea,8459
Chelsea Riverside,E05009391,Kensington and Chelsea,7473
Colville,E05009392,Kensington and Chelsea,8568
Courtfield,E05009393,Kensington and Chelsea,8235
Dalgarno,E05009394,Kensington and Chelsea,7005
Earl's Court,E05009395,Kensington and Chelsea,8943
Golborne,E05009396,Kensington and Chelsea,8882
Holland,E05009397,Kensington and Chelsea,9259
Norland,E05009398,Kensington and Chelsea,5461
Notting Dale,E05009399,Kensington and Chelsea,9406
Pembridge,E05009400,Kensington and Chelsea,5355
Queen's Gate,E05009401,Kensington and Chelsea,7634
Redcliffe,E05009402,Kensington and Chelsea,9179
Royal Hospital,E05009403,Kensington and Chelsea,8402
St. Helen's,E05009404,Kensington and Chelsea,6284
Stanley,E05009405,Kensington and Chelsea,8542
Alexandra,E05013928,Kingston upon Thames,5821
Berrylands,E05013929,Kingston upon Thames,6436
Canbury Gardens,E05013930,Kingston upon Thames,7943
Chessington South & Malden Rushett,E05013931,Kingston upon Thames,9805
Coombe Hill,E05013932,Kingston upon Thames,7457
Coombe Vale,E05013933,Kingston upon Thames,10323
Green Lane & St James,E05013934,Kingston upon Thames,6819
Hook & Chessington North,E05013935,Kingston upon Thames,10742
King George's & Sunray,E05013936,Kingston upon Thames,5780
Kingston Gate,E05013937,Kingston upon Thames,10972
Kingston Town,E05013938,Kingston upon Thames,10352
Motspur Park & Old Malden East,E05013939,Kingston upon Thames,7023
New Malden Village,E05013940,Kingston upon Thames,9908
Norbiton,E05013941,Kingston upon Thames,11111
Old Malden,E05013942,Kingston upon Thames,6645
St Mark's & Seething Wells,E05013943,Kingston upon Thames,11813
Surbiton Hill,E05013944,Kingston upon Thames,10813
Tolworth,E05013945,Kingston upon Thames,11078
Tudor,E05013946,Kingston upon Thames,7194
Brixton Acre Lane,E05014095,Lambeth,15266
Brixton North,E05014096,Lambeth,16210
Brixton Rush Common,E05014097,Lambeth,14611
Brixton Windrush,E05014098,Lambeth,9898
Clapham Common & Abbeville,E05014099,Lambeth,10062
Clapham East,E05014100,Lambeth,9929
Clapham Park,E05014101,Lambeth,13220
Clapham Town,E05014102,Lambeth,15506
Gipsy Hill,E05014103,Lambeth,10726
Herne Hill & Loughborough Junction,E05014104,Lambeth,15973
Kennington,E05014105,Lambeth,15041
Knight's Hill,E05014106,Lambeth,16524
Myatt's Fields,E05014107,Lambeth,11081
Oval,E05014108,Lambeth,12172
St Martin's,E05014109,Lambeth,10380
Stockwell East,E05014110,Lambeth,10372
Stockwell West & Larkhall,E05014111,Lambeth,16573
Streatham Common & Vale,E05014112,Lambeth,17343
Streatham Hill East,E05014113,Lambeth,10217
Streatham Hill West & Thornton,E05014114,Lambeth,10591
Streatham St Leonard's,E05014115,Lambeth,16038
Streatham Wells,E05014116,Lambeth,9871
Vauxhall,E05014117,Lambeth,9638
Waterloo & South Bank,E05014118,Lambeth,8881
West Dulwich,E05014119,Lambeth,11537
Bellingham,E05013714,Lewisham,11664
Blackheath,E05013715,Lewisham,16222
Brockley,E05013716,Lewisham,17953
Catford South,E05013717,Lewisham,17267
Crofton Park,E05013718,Lewisham,15494
Deptford,E05013719,Lewisham,16385
Downham,E05013720,Lewisham,18766
Evelyn,E05013721,Lewisham,14960
Forest Hill,E05013722,Lewisham,15177
Grove Park,E05013723,Lewisham,15591
Hither Green,E05013724,Lewisham,20255
Ladywell,E05013725,Lewisham,15223
Lee Green,E05013726,Lewisham,14990
Lewisham Central,E05013727,Lewisham,8375
New Cross Gate,E05013728,Lewisham,10894
Perry Vale,E05013729,Lewisham,18338
Rushey Green,E05013730,Lewisham,18753
Sydenham,E05013731,Lewisham,17352
Telegraph Hill,E05013732,Lewisham,16923
Abbey,E05013810,Merton,10259
Cannon Hill,E05013811,Merton,9936
Colliers Wood,E05013812,Merton,11565
Cricket Green,E05013813,Merton,12129
Figge's Marsh,E05013814,Merton,11088
Graveney,E05013815,Merton,11795
Hillside,E05013816,Merton,8518
Lavender Fields,E05013817,Merton,11562
Longthornton,E05013818,Merton,11831
Lower Morden,E05013819,Merton,11501
Merton Park,E05013820,Merton,8295
Pollards Hill,E05013821,Merton,11871
Ravensbury,E05013822,Merton,9480
Raynes Park,E05013823,Merton,12245
St Helier,E05013824,Merton,11126
Village,E05013825,Merton,11482
Wandle,E05013826,Merton,6281
West Barnes,E05013827,Merton,10494
Wimbledon Park,E05013828,Merton,11066
Wimbledon Town & Dundonald,E05013829,Merton,12681
Beckton,E05013904,Newham,15293
Boleyn,E05013905,Newham,15580
Canning Town North,E05013906,Newham,10637
Canning Town South,E05013907,Newham,7067
Custom House,E05013908,Newham,17726
East Ham,E05013909,Newham,15037
East Ham South,E05013910,Newham,18047
Forest Gate North,E05013911,Newham,10804
Forest Gate South,E05013912,Newham,17375
Green Street East,E05013913,Newham,16794
Green Street West,E05013914,Newham,15892
Little Ilford,E05013915,Newham,18098
Manor Park,E05013916,Newham,15762
Maryland,E05013917,Newham,12743
Plaistow North,E05013918,Newham,17668
Plaistow South,E05013919,Newham,13435
Plaistow West & Canning Town East,E05013920,Newham,16880
Plashet,E05013921,Newham,11614
Royal Albert,E05013922,Newham,10159
Royal Victoria,E05013923,Newham,14542
Stratford,E05013924,Newham,15743
Stratford Olympic Park,E05013925,Newham,11854
Wall End,E05013926,Newham,16595
West Ham,E05013927,Newham,15706
Aldborough,E05011234,Redbridge,15580
Barkingside,E05011235,Redbridge,15203
Bridge,E05011236,Redbridge,13398
Chadwell,E05011237,Redbridge,16633
Churchfields,E05011238,Redbridge,15676
Clayhall,E05011239,Redbridge,13793
Clementswood,E05011240,Redbridge,13773
Cranbrook,E05011241,Redbridge,13229
Fairlop,E05011242,Redbridge,14756
Fullwell,E05011243,Redbridge,15965
Goodmayes,E05011244,Redbridge,15159
Hainault,E05011245,Redbridge,15711
Ilford Town,E05011246,Redbridge,12118
Loxford,E05011247,Redbridge,15050
Mayfield,E05011248,Redbridge,15992
Monkhams,E05011249,Redbridge,9546
Newbury,E05011250,Redbridge,14334
Seven Kings,E05011251,Redbridge,15157
South Woodford,E05011252,Redbridge,12499
Valentines,E05011253,Redbridge,15548
Wanstead Park,E05011254,Redbridge,8149
Wanstead Village,E05011255,Redbridge,13023
Barnes,E05013774,Richmond upon Thames,10472
East Sheen,E05013775,Richmond upon Thames,10668
Fulwell & Hampton Hill,E05013776,Richmond upon Thames,10714
"Ham, Petersham & Richmond Riverside",E05013777,Richmond upon Thames,10827
Hampton,E05013778,Richmond upon Thames,9975
Hampton North,E05013779,Richmond upon Thames,10042
Hampton Wick & South Teddington,E05013780,Richmond upon Thames,10753
Heathfield,E05013781,Richmond upon Thames,10413
Kew,E05013782,Richmond upon Thames,11792
Mortlake & Barnes Common,E05013783,Richmond upon Thames,11801
North Richmond,E05013784,Richmond upon Thames,10862
St Margarets & North Twickenham,E05013785,Richmond upon Thames,11663
South Richmond,E05013786,Richmond upon Thames,11083
South Twickenham,E05013787,Richmond upon Thames,10849
Teddington,E05013788,Richmond upon Thames,10564
Twickenham Riverside,E05013789,Richmond upon Thames,11279
West Twickenham,E05013790,Richmond upon Thames,11087
Whitton,E05013791,Richmond upon Thames,10435
Borough & Bankside,E05011095,Southwark,9331
Camberwell Green,E05011096,Southwark,15240
Champion Hill,E05011097,Southwark,9449
Chaucer,E05011098,Southwark,15015
Dulwich Hill,E05011099,Southwark,9706
Dulwich Village,E05011100,Southwark,10088
Dulwich Wood,E05011101,Southwark,10285
Faraday,E05011102,Southwark,12478
Goose Green,E05011103,Southwark,13725
London Bridge & West Bermondsey,E05011104,Southwark,14886
Newington,E05011105,Southwark,13833
North Bermondsey,E05011106,Southwark,15503
North Walworth,E05011107,Southwark,15646
Nunhead & Queen's Road,E05011108,Southwark,15597
Old Kent Road,E05011109,Southwark,18597
Peckham,E05011110,Southwark,14754
Peckham Rye,E05011111,Southwark,10180
Rotherhithe,E05011112,Southwark,15395
Rye Lane,E05011113,Southwark,14270
St George's,E05011114,Southwark,8147
St Giles,E05011115,Southwark,16430
South Bermondsey,E05011116,Southwark,15930
Surrey Docks,E05011117,Southwark,13140
Beddington,E05013754,Sutton,11007
Belmont,E05013755,Sutton,11524
Carshalton Central,E05013756,Sutton,11677
Carshalton South & Clockhouse,E05013757,Sutton,10083
Cheam,E05013758,Sutton,10827
Hackbridge,E05013759,Sutton,6823
North Cheam,E05013760,Sutton,11642
St Helier East,E05013761,Sutton,8452
St Helier West,E05013762,Sutton,12290
South Beddington & Roundshaw,E05013763,Sutton,10803
Stonecot,E05013764,Sutton,7784
Sutton Central,E05013765,Sutton,12366
Sutton North,E05013766,Sutton,11295
Sutton South,E05013767,Sutton,12172
Sutton West & East Cheam,E05013768,Sutton,11512
The Wrythe,E05013769,Sutton,10700
Wallington North,E05013770,Sutton,11956
Wallington South,E05013771,Sutton,11211
Worcester Park North,E05013772,Sutton,8307
Worcester Park South,E05013773,Sutton,7172
Bethnal Green,E05009317,Tower Hamlets,21229
Blackwall & Cubitt Town,E05009318,Tower Hamlets,21834
Bow East,E05009319,Tower Hamlets,19530
Bow West,E05009320,Tower Hamlets,13708
Bromley North,E05009321,Tower Hamlets,11429
Bromley South,E05009322,Tower Hamlets,14232
Canary Wharf,E05009323,Tower Hamlets,17920
Island Gardens,E05009324,Tower Hamlets,14902
Lansbury,E05009325,Tower Hamlets,21734
Limehouse,E05009326,Tower Hamlets,6751
Mile End,E05009327,Tower Hamlets,21795
Poplar,E05009328,Tower Hamlets,7956
St Dunstan's,E05009329,Tower Hamlets,14364
St Katharine's & Wapping,E05009330,Tower Hamlets,12067
St Peter's,E05009331,Tower Hamlets,19970
Shadwell,E05009332,Tower Hamlets,12979
Spitalfields & Banglatown,E05009333,Tower Hamlets,13219
Stepney Green,E05009334,Tower Hamlets,12451
Weavers,E05009335,Tower Hamlets,13268
Whitechapel,E05009336,Tower Hamlets,18981
Cann Hall,E05013882,Waltham Forest,16077
Cathall,E05013883,Waltham Forest,10537
Chapel End,E05013884,Waltham Forest,14056
Chingford Green,E05013885,Waltham Forest,11561
Endlebury,E05013886,Waltham Forest,8934
Forest,E05013887,Waltham Forest,16552
Grove Green,E05013888,Waltham Forest,14823
Hale End & Highams Park South,E05013889,Waltham Forest,9439
Hatch Lane & Highams Park North,E05013890,Waltham Forest,13202
High Street,E05013891,Waltham Forest,10782
Higham Hill,E05013892,Waltham Forest,14130
Hoe Street,E05013893,Waltham Forest,14235
Larkswood,E05013894,Waltham Forest,13397
Lea Bridge,E05013895,Waltham Forest,15106
Leyton,E05013896,Waltham Forest,13788
Leytonstone,E05013897,Waltham Forest,12345
Markhouse,E05013898,Waltham Forest,10124
St James,E05013899,Waltham Forest,12510
Upper Walthamstow,E05013900,Waltham Forest,8399
Valley,E05013901,Waltham Forest,14309
William Morris,E05013902,Waltham Forest,14655
Wood Street,E05013903,Waltham Forest,9482
Balham,E05014009,Wandsworth,17474
Battersea Park,E05014010,Wandsworth,18949
East Putney,E05014011,Wandsworth,17162
Falconbrook,E05014012,Wandsworth,12055
Furzedown,E05014013,Wandsworth,17749
Lavender,E05014014,Wandsworth,12576
Nine Elms,E05014015,Wandsworth,5466
Northcote,E05014016,Wandsworth,13340
Roehampton,E05014017,Wandsworth,19141
St Mary's,E05014018,Wandsworth,14295
Shaftesbury & Queenstown,E05014019,Wandsworth,15771
South Balham,E05014020,Wandsworth,10115
Southfields,E05014021,Wandsworth,12546
Thamesfield,E05014022,Wandsworth,16320
Tooting Bec,E05014023,Wandsworth,17001
Tooting Broadway,E05014024,Wandsworth,17311
Trinity,E05014025,Wandsworth,10905
Wandle,E05014026,Wandsworth,10891
Wandsworth Common,E05014027,Wandsworth,16605
Wandsworth Town,E05014028,Wandsworth,18072
West Hill,E05014029,Wandsworth,16814
West Putney,E05014030,Wandsworth,16949
Abbey Road,E05013792,Westminster,12981
Bayswater,E05013793,Westminster,12152
Church Street,E05013794,Westminster,11666
Harrow Road,E05013795,Westminster,11173
Hyde Park,E05013796,Westminster,10112
Knightsbridge & Belgravia,E05013797,Westminster,11192
Lancaster Gate,E05013798,Westminster,11269
Little Venice,E05013799,Westminster,10370
Maida Vale,E05013800,Westminster,11696
Marylebone,E05013801,Westminster,12422
Pimlico North,E05013802,Westminster,10271
Pimlico South,E05013803,Westminster,10563
Queen's Park,E05013804,Westminster,12754
Regent's Park,E05013805,Westminster,11809
St James's,E05013806,Westminster,10076
Vincent Square,E05013807,Westminster,10607
West End,E05013808,Westminster,11246
Westbourne,E05013809,Westminster,11857
